HC,p,GHSV,T,XCO2,fCO2,fH2,fCH3OH,fH2O,fCO,KfA,KfB,KfC,rCH3OH,rCO,rCO2,rCH3OH_pred,rCO_pred,rCO2_pred,rCH3OH_residual,rCO_residual,rCO2_residual,rCH3OH_relative_error_%,rCO_relative_error_%,rCO2_relative_error_%
3.0,3.0,4000.0,493.15,0.2,0.560793819229847,2.20724667931549,0.0850586695986187,0.0954908548535958,0.0648358285885327,0.00452933106085853,0.00678574513977512,0.678980987327082,0.00156666666666667,0.000814285714285714,0.00238095238095238,0.0025970856724758587,0.001516651425575335,0.004113737098051193,0.0010304190058091887,0.0007023657112896209,0.0017327847170988133,65.77142590271403,86.25543822854996,72.77695811815019
3.0,3.0,8000.0,493.15,0.166,0.574595062764135,2.24893194091177,0.0679131929995,0.0818620912435253,0.0563670945763405,0.00452933106085853,0.00678574513977512,0.678980987327082,0.00251766666666667,0.00143471428571429,0.00395238095238095,0.0026266555478852444,0.0015154330218146472,0.004142088569699892,0.00010898888121857464,8.071873610035712e-05,0.00018970761731894152,4.3289639038226335,5.626119214403048,4.799831281563583
3.0,3.0,8000.0,503.15,0.197,0.566700711895646,2.21364890041136,0.0757083489939579,0.0970930211215486,0.0751432336164786,0.00343810236616845,0.00823025552201525,0.424891307866832,0.00277207142857143,0.00191840476190476,0.00469047619047619,0.0027296459999242993,0.0019009021081887586,0.004630548108113058,-4.2425428647130826e-05,-1.750265371600144e-05,-5.992808236313183e-05,-1.530459432244663,-0.9123545804079048,-1.2776545478434198
3.0,4.0,8000.0,493.15,0.188,0.721880606938181,3.04030831631262,0.10120619417731,0.102527536201084,0.0821827470516529,0.00452933106085853,0.00678574513977512,0.678980987327082,0.003008,0.00146819047619048,0.00447619047619048,0.003321965456893487,0.0015547776691616807,0.004876743126055167,0.00031396545689348727,8.658719297120082e-05,0.00040055264986468744,10.437681412682423,5.897544928630036,8.948516645913223
3.0,3.0,12000.0,493.15,0.145,0.584213395043117,2.27159504463209,0.060739956206038,0.0730441124122807,0.0466889415700323,0.00452933106085853,0.00678574513977512,0.678980987327082,0.00338678571428571,0.00179178571428571,0.00517857142857143,0.0026396198478199906,0.0015135051648378483,0.004153125012657839,-0.0007471658664657192,-0.00027828054944786166,-0.001025446415913591,-22.061208753601356,-15.530905689735192,-19.801723893503823
3.0,3.0,12000.0,503.15,0.182,0.573332563848061,2.23122018467632,0.0690561634038838,0.090973330051437,0.0700902025199252,0.00343810236616845,0.00823025552201525,0.424891307866832,0.0038025,0.0026975,0.0065,0.002741541632810729,0.0018996469582486198,0.004641188591059348,-0.001060958367189271,-0.00079785304175138,-0.0018588114089406515,-27.901600715036718,-29.577499230820393,-28.597098599086944
3.0,4.0,12000.0,493.15,0.166,0.73425961533496,3.07312932112907,0.0917299634472368,0.0935306576731851,0.0679954689822675,0.00452933106085853,0.00678574513977512,0.678980987327082,0.00409664285714286,0.00183192857142857,0.00592857142857143,0.0033403550146146052,0.0015529432570333644,0.00489329827164797,-0.0007562878425282551,-0.00027898531439520566,-0.00103527315692346,-18.461161221549986,-15.229049797375453,-17.462438791480047
3.0,5.0,12000.0,493.15,0.181,0.868715705538209,3.91123407840525,0.119956870517219,0.105954714871159,0.0923137571136606,0.00452933106085853,0.00678574513977512,0.678980987327082,0.00459610714285714,0.00186817857142857,0.00646428571428571,0.004049198859352123,0.0015904889224486003,0.005639687781800723,-0.0005469082835050168,-0.0002776896489799696,-0.0008245979324849866,-11.899380639003878,-14.86419195824649,-12.756211110264996
3.0,6.0,12000.0,493.15,0.194,0.988226028194431,4.78512543407817,0.145907941000678,0.112138198926913,0.121042614370688,0.00452933106085853,0.00678574513977512,0.678980987327082,0.00500935714285714,0.00191921428571429,0.00692857142857143,0.004774051556684884,0.0016270712189024334,0.006401122775587317,-0.00023530558617225646,-0.00029214306681185653,-0.0005274486529841128,-4.697321022674127,-15.22201397657517,-7.612660970904719
4.0,3.0,8000.0,493.15,0.198,0.455183143502437,2.41865697786215,0.0664027214220217,0.078883705807796,0.0516021742422355,0.00452933106085853,0.00678574513977512,0.678980987327082,0.00246281357142857,0.00131450785714286,0.00377732142857143,0.0030484688858379073,0.0016320151936365002,0.0046804840794744075,0.0005856553144093371,0.0003175073364936401,0.0009031626509029777,23.77992882626614,24.154084341782188,23.910134945665735
4.0,3.0,12000.0,493.15,0.176,0.464620515436636,2.43639272471853,0.0608890506495385,0.0713993512808168,0.042802327066142,0.00452933106085853,0.00678574513977512,0.678980987327082,0.00339455285714286,0.00164187571428571,0.00503642857142857,0.003051180460086029,0.0016272656802977202,0.004678446140383749,-0.0003433723970568312,-1.4610033987989693e-05,-0.0003579824310448211,-10.115394030006126,-0.8898379981426132,-7.107862763618631
4.0,4.0,12000.0,493.15,0.198,0.587056912008653,3.30382541970549,0.088768995364554,0.0903667823355349,0.0629940359269672,0.00452933106085853,0.00678574513977512,0.678980987327082,0.0039661875,0.00169979464285714,0.00566598214285714,0.0038638734522364725,0.0016686128709963765,0.005532486323232849,-0.00010231404776352756,-3.118177186076359e-05,-0.00013349581962429115,-2.5796573602112245,-1.8344434718508682,-2.356093193703118
2.0,3.0,4000.0,493.15,0.146,0.74905636618302,1.94208390077618,0.0745754885617567,0.0929904701200542,0.0740651957354812,0.00452933106085853,0.00678574513977512,0.678980987327082,0.00137888888888889,0.000938571428571429,0.00231746031746032,0.0020770755180746763,0.0013695935102113978,0.0034466690282860743,0.0006981866291857863,0.00043102208163996875,0.0011292087108257542,50.63400211661621,45.92320504535434,48.72612930275509
2.0,3.0,4000.0,503.15,0.165,0.751132661998893,1.90953516084263,0.0823230116660996,0.10582369725309,0.0877996348983503,0.00343810236616845,0.00823025552201525,0.424891307866832,0.00150333333333333,0.00111571428571429,0.00261904761904762,0.002144683437326032,0.0017107622455049014,0.003855445682830933,0.0006413501039927018,0.0005950479597906114,0.0012363980637833134,42.661869445190895,53.33336387367815,47.2079260717265
2.0,3.0,4000.0,513.15,0.173,0.755237232256792,1.89858943714798,0.081209342413354,0.112884116510321,0.0993577050416359,0.00263416709606216,0.00990326681963732,0.270512743020095,0.00147187301587302,0.00127415873015873,0.00274603174603175,0.002233565934090014,0.002122941308981382,0.004356507243071395,0.000761692918216994,0.0008487825788226519,0.0016104754970396452,51.749907091353734,66.61513661778338,58.64737359161705
2.0,3.0,4000.0,523.15,0.175,0.758797141626292,1.90278156380801,0.0722486704313257,0.116329967596942,0.112912248495938,0.00203610206255958,0.0118274654229372,0.175057432510542,0.00130555555555556,0.00146944444444444,0.00277777777777778,0.002341346983552473,0.002618440030396117,0.004959787013948591,0.0010357914279969132,0.001148995585951677,0.0021820092361708107,79.33721576146542,78.19251624623912,78.55233250214913
2.0,3.0,4000.0,533.15,0.175,0.761154246830242,1.91210685984022,0.0599567921735032,0.118351868316126,0.127819887716798,0.00158706283630095,0.0140260966989877,0.115048010476012,0.00108333333333333,0.00169166666666667,0.00277777777777778,0.0024580464462877327,0.0032076881185001105,0.005665734564787844,0.0013747131129544026,0.0015160214518334404,0.0028879567870100636,126.89659504194523,89.61703163547413,103.9664443323622
2.0,4.0,4000.0,493.15,0.15,0.939680850752076,2.64336686428863,0.105341112753134,0.107063153385365,0.0916251834406177,0.00452933106085853,0.00678574513977512,0.678980987327082,0.00156428571428571,0.000816666666666667,0.00238095238095238,0.002646424658569114,0.0014081550142406142,0.004054579672809728,0.001082138944283404,0.0005914883475739472,0.0016736272918573482,69.17783205464701,72.42714460089145,70.29234625800865
2.0,4.0,4000.0,503.15,0.183,0.943077234519084,2.55817154752984,0.129799468027121,0.128233941519794,0.11382175379073,0.00343810236616845,0.00823025552201525,0.424891307866832,0.00189390476190476,0.00101085714285714,0.00290476190476191,0.0026879379242357314,0.0017512474736628774,0.004439185397898609,0.0007940331623309713,0.0007403903308057375,0.001534423493136699,41.92571761276882,73.24381452289678,52.82441533749282
2.0,4.0,4000.0,513.15,0.194,0.953666149548263,2.52939593258282,0.135683868278811,0.138712810027301,0.125307360641759,0.00263416709606216,0.00990326681963732,0.270512743020095,0.00195539682539683,0.00112088888888889,0.00307936507936508,0.0027783817445431857,0.00216707387177685,0.004945455616320036,0.0008229849191463555,0.0010461849828879602,0.0018660905369549561,42.08787231611354,93.33529783893371,60.599847334104226
2.0,4.0,4000.0,523.15,0.195,0.964515318090775,2.53278572712501,0.127249503178423,0.144147941798817,0.13998573360145,0.00203610206255958,0.0118274654229372,0.175057432510542,0.00182,0.00127214285714286,0.0030952380952381,0.0029037233876850594,0.002668100906361711,0.005571824294046771,0.0010837233876850594,0.001395958049218851,0.0024765861988086707,59.545241081596664,109.73280566571518,80.01278488458769
2.0,4.0,4000.0,533.15,0.195,0.972010113502497,2.54383189741409,0.113247919454479,0.14837401080663,0.159787957188792,0.00158706283630095,0.0140260966989877,0.115048010476012,0.00161261904761905,0.00147952380952381,0.0030952380952381,0.0030422577600312307,0.003264488555843028,0.006306746315874259,0.0014296387124121807,0.0017849647463192182,0.003211508220636159,88.65322002260667,120.6445435233459,103.7564194359373
2.0,5.0,4000.0,493.15,0.172,1.09565208038083,3.31607998281118,0.153064798921119,0.122244959671217,0.117403181020848,0.00452933106085853,0.00678574513977512,0.678980987327082,0.00195206349206349,0.000778095238095238,0.00273015873015873,0.0031758959645605063,0.0014416796139677043,0.00461757557852821,0.0012238324724970163,0.0006635843758724663,0.0018874168483694804,62.69429644439105,85.28318172167562,69.13212874841702
2.0,5.0,4000.0,503.15,0.2,1.1108292879653,3.21376186438236,0.181028849196974,0.140220550170871,0.137106395320809,0.00343810236616845,0.00823025552201525,0.424891307866832,0.00226666666666667,0.000907936507936508,0.00317460317460317,0.003219910386830822,0.0017893229631936979,0.00500923335002452,0.0009532437201641522,0.0008813864552571899,0.00183463017542135,42.054870007241945,97.07578091119399,57.790850525772605
2.0,6.0,4000.0,493.15,0.175,1.23473465176759,4.07551673792331,0.178516701087429,0.12262818799456,0.14048335987893,0.00452933106085853,0.00678574513977512,0.678980987327082,0.00204722222222222,0.000730555555555556,0.00277777777777778,0.003773207627701379,0.0014798837447050478,0.0052530913724064265,0.0017259854054791591,0.0007493281891494918,0.0024753135946286465,84.30864938568494,102.56963805848551,89.1112894066312
2.0,7.0,4000.0,493.15,0.181,1.35152023365241,4.8541209747411,0.205630533702512,0.119576159105776,0.1639562734798,0.00452933106085853,0.00678574513977512,0.678980987327082,0.00218636507936508,0.000686650793650794,0.00287301587301587,0.004382148023642253,0.001516976116550239,0.005899124140192492,0.002195782944277173,0.0008303253228994451,0.0030261082671766215,100.4307544518058,120.92395881242058,105.32863029399302
2.0,3.0,8000.0,493.15,0.12,0.760434034903676,1.9849181972499,0.0607727398573452,0.0791297038851,0.0605525866431236,0.00452933106085853,0.00678574513977512,0.678980987327082,0.00225904761904762,0.00155047619047619,0.00380952380952381,0.0021136448978635357,0.0013726008856557313,0.003486245783519267,-0.00014540272118408444,-0.00017787530482045867,-0.0003232780260045429,-6.4364610979464,-11.472301600828112,-8.48604818261925
2.0,3.0,8000.0,503.15,0.148,0.756729911028551,1.94277575301882,0.0684587092128317,0.0967940005002002,0.0850373942873899,0.00343810236616845,0.00823025552201525,0.424891307866832,0.00251365079365079,0.00218476190476191,0.0046984126984127,0.002177636482231877,0.0017155534142617695,0.0038931898964936467,-0.00033601431141891316,-0.0004692084905001403,-0.0008052228019190533,-13.367581219620838,-21.476413035097917,-17.138188013817683
2.0,3.0,8000.0,513.15,0.164,0.756883196414757,1.91933790763023,0.0708034080216116,0.107893472831165,0.101664138622013,0.00263416709606216,0.00990326681963732,0.270512743020095,0.00257714285714286,0.00262920634920635,0.00520634920634921,0.002256924483930183,0.002127937478224769,0.0043848619621549515,-0.00032021837321267706,-0.0005012688709815807,-0.0008214872441942586,-12.425324902930916,-19.065406225452534,-15.778565970804348
2.0,3.0,8000.0,523.15,0.172,0.758436609826151,1.91120785591395,0.0669313227111449,0.114585076115872,0.116131721659368,0.00203610206255958,0.0118274654229372,0.175057432510542,0.00242438095238095,0.00303593650793651,0.00546031746031746,0.0023522951658755354,0.00262178440293782,0.004974079568813355,-7.208578650541456e-05,-0.00041415210499868996,-0.0004862378915041045,-2.9733687865605503,-13.641658971326256,-8.904938129290288
2.0,3.0,8000.0,533.15,0.175,0.76053021978974,1.91337127019294,0.0586951603458125,0.118265458494626,0.129362171651756,0.00158706283630095,0.0140260966989877,0.115048010476012,0.00212222222222222,0.00342777777777778,0.00555555555555556,0.0024603528140001414,0.003208867548088797,0.005669220362088938,0.00033813059177792166,-0.00021891022968898322,0.00011366480653337771,15.932855109954442,-6.386360023341483,2.045966517600797
2.0,4.0,8000.0,493.15,0.137,0.944666463654611,2.67700471414499,0.0932235164213568,0.100159551962678,0.0876430175479462,0.00452933106085853,0.00678574513977512,0.678980987327082,0.00277479365079365,0.0015744126984127,0.00434920634920635,0.0026762846355732465,0.001411092817898986,0.0040873774534722325,-9.850901522040359e-05,-0.0001633198805137139,-0.0002618288957341175,-3.550138410913111,-10.373384353312867,-6.020153442061824
2.0,4.0,8000.0,503.15,0.164,0.948625761001194,2.61500176971829,0.106397714376899,0.118793104873608,0.11575941754349,0.00343810236616845,0.00823025552201525,0.424891307866832,0.00311860317460317,0.00208774603174603,0.00520634920634921,0.002743778954940942,0.0017589810394456912,0.004502759994386633,-0.00037482421966222824,-0.00032876499230033874,-0.000703589211962577,-12.0189776857366,-15.747365211149988,-13.514061083427537
2.0,4.0,8000.0,513.15,0.183,0.954714278385077,2.56821078515676,0.116859984502059,0.133138229729405,0.134041031549887,0.00263416709606216,0.00990326681963732,0.270512743020095,0.00338114285714286,0.00242838095238095,0.00580952380952381,0.0028209414165525546,0.0021752241014575493,0.004996165518010104,-0.0005602014405903053,-0.0002531568509234008,-0.0008133582915137065,-16.56840495239198,-10.424923267298263,-14.000429608022817
2.0,4.0,8000.0,523.15,0.191,0.963104201377504,2.55097821309774,0.116517560082145,0.141879662054577,0.148702870448882,0.00203610206255958,0.0118274654229372,0.175057432510542,0.00334098412698413,0.00272250793650794,0.00606349206349207,0.002926398850809526,0.002674060743802531,0.005600459594612057,-0.0004145852761746043,-4.8447192705408995e-05,-0.0004630324688800133,-12.409076500128299,-1.7795060229484734,-7.636399355874557
2.0,4.0,8000.0,533.15,0.193,0.971232201701381,2.55328138411777,0.107641482822047,0.147122916463524,0.164154953020719,0.00158706283630095,0.0140260966989877,0.115048010476012,0.00306961904761905,0.0030512380952381,0.00612698412698413,0.0030545835089822,0.003268296673967455,0.006322880182949655,-1.5035538636850015e-05,0.00021705857872935524,0.00019589605596552484,-0.48981773971308684,7.11378699250336,3.197267234670482
2.0,5.0,8000.0,493.15,0.15,1.1026688067517,3.39747200099726,0.124187114378669,0.112606637592022,0.118007961749137,0.00452933106085853,0.00678574513977512,0.678980987327082,0.00317142857142857,0.00159047619047619,0.00476190476190476,0.003248881092075658,0.0014487380912793029,0.0046976191833549615,7.745252064708837e-05,-0.000141738099196887,-6.428557854979821e-05,2.4421965969802653,-8.91167689561266,-1.349997149545763
2.0,5.0,8000.0,503.15,0.18,1.11481833087248,3.30017826925415,0.146934309344771,0.132456849052913,0.15010896368012,0.00343810236616845,0.00823025552201525,0.424891307866832,0.00368571428571429,0.00202857142857143,0.00571428571428571,0.0033045680750106977,0.0018003550756770749,0.005104923150687772,-0.00038114621070359234,-0.00022821635289435507,-0.0006093625635979379,-10.34117625939978,-11.250101903242848,-10.663844862963922
2.0,5.0,8000.0,513.15,0.2,1.12947613601849,3.22826151220352,0.165024623816984,0.147623802931797,0.16756008257108,0.00263416709606216,0.00990326681963732,0.270512743020095,0.00407619047619048,0.00227301587301587,0.00634920634920635,0.0033765122843469374,0.0022205636009564244,0.005597075885303362,-0.0006996781918435424,-5.2452272059445425e-05,-0.0007521304639029882,-17.16500236999343,-2.307606941162756,-11.846054806472063
2.0,6.0,8000.0,493.15,0.157,1.23939767385627,4.1622804007104,0.149571134430532,0.116418155371333,0.147665075931871,0.00452933106085853,0.00678574513977512,0.678980987327082,0.00342409523809524,0.00156003174603175,0.00498412698412698,0.0038506158151993815,0.001486798995582975,0.005337414810782357,0.0004265205771041415,-7.323275044877507e-05,0.00035328782665537684,12.456446081254647,-4.694311550714086,7.0882589424486495
2.0,6.0,8000.0,503.15,0.194,1.26000709499828,4.00308027367011,0.188023929071663,0.137067788802405,0.18328911897966,0.00343810236616845,0.00823025552201525,0.424891307866832,0.00422488888888889,0.00193384126984127,0.00615873015873016,0.003870175137460513,0.001840415094649243,0.0057105902321097565,-0.000354713751428377,-9.342617519202687e-05,-0.00044813992662040385,-8.395812546958217,-4.831119112464453,-7.276498808527173
2.0,7.0,8000.0,493.15,0.163,1.35563476886424,4.9607442048425,0.173677312821923,0.115440762572977,0.17620505153837,0.00452933106085853,0.00678574513977512,0.678980987327082,0.00367396825396825,0.00150063492063492,0.00517460317460317,0.004476120312141732,0.0015245929913072975,0.006000713303449029,0.0008021520581734816,2.3958070672377594e-05,0.000826110128845859,21.833396554449752,1.596528932049703,15.96470494395373
2.0,3.0,12000.0,493.15,0.108,0.767032028399514,2.00138664231351,0.0574825615102647,0.0724734195696207,0.0502452038852149,0.00452933106085853,0.00678574513977512,0.678980987327082,0.00320914285714286,0.00193371428571429,0.00514285714285714,0.002125666920445964,0.0013727927730747007,0.0034984596935206643,-0.0010834759366968962,-0.0005609215126395892,-0.0016443974493364757,-33.76215970832562,-29.00746593142077,-31.97439484820927
2.0,3.0,12000.0,503.15,0.136,0.763365487092877,1.96011402712442,0.0644535376754754,0.0904543940411071,0.0755909384491479,0.00343810236616845,0.00823025552201525,0.424891307866832,0.00355542857142857,0.0029207619047619,0.00647619047619048,0.0021913508222054954,0.0017160376773768147,0.00390738849958231,-0.0013640777492230746,-0.0012047242273850853,-0.00256880197660817,-38.366056913217314,-41.24691661518005,-39.6653246388026
2.0,3.0,12000.0,513.15,0.157,0.760484531240439,1.93041049540889,0.0675565394251555,0.104224830928745,0.0972928622360129,0.00263416709606216,0.00990326681963732,0.270512743020095,0.0036932380952381,0.00378295238095238,0.00747619047619048,0.0022667741406938537,0.0021287809672520105,0.004395555107945865,-0.0014264639545442464,-0.0016541714137003694,-0.0030806353682446153,-38.623666218093724,-43.72699540256762,-41.20595078543751
2.0,3.0,12000.0,523.15,0.169,0.759827924442125,1.91636076287485,0.0651227001065533,0.112978211645812,0.114773540728458,0.00203610206255958,0.0118274654229372,0.175057432510542,0.00354095238095238,0.00450666666666667,0.00804761904761905,0.002357388522585694,0.0026225114234168247,0.004979899946002519,-0.0011835638583666858,-0.0018841552432498454,-0.003067719101616531,-33.42501482746155,-41.80817847447879,-38.11958646979121
2.0,3.0,12000.0,533.15,0.174,0.761016977433744,1.91466672874203,0.0581909989561318,0.117808120722698,0.128984481930335,0.00158706283630095,0.0140260966989877,0.115048010476012,0.00315685714285714,0.00512885714285714,0.00828571428571429,0.0024615496528128046,0.0032089556471243475,0.0056705052999371525,-0.0006953074900443354,-0.0019199014957327924,-0.002615208985777138,-22.025307404789356,-37.43331978755934,-31.56286706972406
2.0,4.0,12000.0,493.15,0.121,0.952997856585947,2.71189037429457,0.0836044683003452,0.0912560628737352,0.0746417874784487,0.00452933106085853,0.00678574513977512,0.678980987327082,0.00373947619047619,0.00202242857142857,0.00576190476190476,0.0027042934465372143,0.0014129862236105769,0.004117279670147791,-0.001035182743938976,-0.0006094423478179931,-0.0016446250917569686,-27.68256010227877,-30.134184041293743,-28.54308010487302
2.0,4.0,12000.0,503.15,0.151,0.954960370052755,2.64631962322273,0.0963000319344892,0.112052517179943,0.108313406500685,0.00343810236616845,0.00823025552201525,0.424891307866832,0.00424238095238095,0.00294809523809524,0.00719047619047619,0.00277143009325847,0.0017617403281184277,0.004533170421376898,-0.0014709508591224797,-0.0011863549099768124,-0.0026573057690992916,-34.672766911631044,-40.241403827351064,-36.95590804707625
2.0,4.0,12000.0,513.15,0.173,0.958023800720462,2.59734096944018,0.104898649727723,0.12797888612989,0.13417677501934,0.00263416709606216,0.00990326681963732,0.270512743020095,0.00456390476190476,0.00367419047619048,0.00823809523809524,0.0028504635735454227,0.0021799187502646073,0.00503038232381003,-0.0017134411883593377,-0.001494271725925873,-0.0032077129142852106,-37.543316036336996,-40.669413728250206,-38.93755560693029
2.0,4.0,12000.0,523.15,0.186,0.963453908363777,2.56902877457006,0.107486342295639,0.139119393738813,0.152934105142833,0.00203610206255958,0.0118274654229372,0.175057432510542,0.00463228571428571,0.00422485714285714,0.00885714285714286,0.0029472064969056602,0.0026788043894684097,0.00562601088637407,-0.00168507921738005,-0.0015460527533887299,-0.00323113197076879,-36.376841181953864,-36.594201912900246,-36.48052225061535
2.0,4.0,12000.0,533.15,0.192,0.969923964964802,2.5601721407724,0.102906828888807,0.146384164214304,0.168994517172874,0.00158706283630095,0.0140260966989877,0.115048010476012,0.00440685714285714,0.00472685714285714,0.00914285714285715,0.0030643259616544628,0.0032716584634826444,0.006335984425137107,-0.0013425311812026775,-0.0014551986793744959,-0.0028068727177200433,-30.46459500913754,-30.78575542680572,-30.70017035006295
2.0,5.0,12000.0,493.15,0.135,1.11088216159185,3.44049122584055,0.113211914038029,0.105341189550909,0.102786058996187,0.00452933106085853,0.00678574513977512,0.678980987327082,0.00433928571428572,0.00208928571428571,0.00642857142857143,0.00328308910882178,0.0014510077998001717,0.004734096908621952,-0.00105619660546394,-0.0006382779144855385,-0.001694474519949478,-24.340333294642207,-30.550054026658312,-26.35849253254743
2.0,5.0,12000.0,503.15,0.167,1.12086099156922,3.34388195433218,0.133036353974772,0.126924945059991,0.144064488553691,0.00343810236616845,0.00823025552201525,0.424891307866832,0.00501,0.00294238095238095,0.00795238095238095,0.003343475765652067,0.0018043054394697301,0.005147781205121797,-0.0016665242343479325,-0.0011380755129112197,-0.0028045997472591535,-33.26395677341183,-38.678727579115765,-35.2674219715223
2.0,5.0,12000.0,513.15,0.19,1.13236508921637,3.26903250640515,0.149275923395156,0.143557594215306,0.170980646483672,0.00263416709606216,0.00990326681963732,0.270512743020095,0.00553714285714286,0.00351047619047619,0.00904761904761905,0.0034172739964483017,0.0022265775652228984,0.0056438515616712,-0.0021198688606945586,-0.0012838986252532917,-0.003403767485947851,-38.28452534794092,-36.57334662278775,-37.62058800258149
2.0,6.0,12000.0,493.15,0.149,1.24488110506353,4.18702269207353,0.145699419066094,0.113460816545592,0.131921251461408,0.00452933106085853,0.00678574513977512,0.678980987327082,0.00500214285714286,0.00209309523809524,0.0070952380952381,0.003868521418941013,0.0014875732904959813,0.005356094709436994,-0.0011336214382018472,-0.0006055219475992585,-0.0017391433858011058,-22.66271617139205,-28.929498122134955,-24.511416846861206
2.0,6.0,12000.0,503.15,0.187,1.26266713236729,4.03556338449419,0.177895596484611,0.135093368881744,0.183024141461875,0.00343810236616845,0.00823025552201525,0.424891307866832,0.00599290476190476,0.00291185714285714,0.00890476190476191,0.0038996175321790996,0.0018434215607290418,0.005743039092908141,-0.0020932872297256605,-0.0010684355821280983,-0.0031617228118537687,-34.92942592767549,-36.69258242111905,-35.5059781010316
2.0,7.0,12000.0,493.15,0.151,1.36206037086208,5.01246810829305,0.162960018408718,0.112039448571345,0.158034948970162,0.00452933106085853,0.00678574513977512,0.678980987327082,0.00516276190476191,0.00202771428571429,0.00719047619047619,0.004516945585312077,0.001527061863712397,0.006044007449024474,-0.0006458163194498325,-0.0005006524220018927,-0.0011464687414517154,-12.509124599648095,-24.69048156977062,-15.944267265222534
