p,H/C,GHSV,rate,n_points,T_min_C,T_max_C,lnA,A,Ea_J_mol,Ea_kJ_mol,R2_ln,RMSE_ln,status,cluster_id
3,2,4000,r_CH3OH,5,220,260,-9.747019886687516,5.846864755128603e-05,-13351.446498022317,-13.351446498022316,0.5426476732199217,0.0792982684254209,ok,4
3,2,8000,r_CH3OH,5,220,260,-6.812807634032782,0.001099601283938135,-3279.9139797239563,-3.2799139797239563,0.08834951880839592,0.06816217701926686,ok,5
3,2,12000,r_CH3OH,5,220,260,-5.814670554424296,0.002983463054288747,-587.9398260538584,-0.5879398260538584,0.0037924155962275607,0.06164796568355332,ok,5
3,3,4000,r_CH3OH,5,220,260,-9.785515752187072,5.6260619016178966e-05,-14009.234343184702,-14.009234343184701,0.5982480702166453,0.07427140560466668,ok,4
3,3,8000,r_CH3OH,5,220,260,-6.562982174157715,0.001411669582309797,-2671.8605412668185,-2.6718605412668186,0.06823526221082321,0.06387507155295165,ok,5
3,3,12000,r_CH3OH,5,220,260,-5.021664429157235,0.006593543085757418,2445.5481947029148,2.4455481947029147,0.06254274774538182,0.06125370944599891,ok,6
3,4,4000,r_CH3OH,5,220,260,-9.077235085145187,0.00011423702685447472,-10881.610050851928,-10.88161005085193,0.4698371021647706,0.074781311964026,ok,4
3,4,8000,r_CH3OH,5,220,260,-5.454073591612851,0.004278838898402941,1980.5306398277448,1.980530639827745,0.053726067595672666,0.053773262573130136,ok,6
3,4,12000,r_CH3OH,5,220,260,-4.980074687184309,0.006873549172290957,2596.2959505844947,2.5962959505844947,0.0658916817986035,0.06324212145360654,ok,6
4,2,4000,r_CH3OH,5,220,260,-6.160130819809147,0.002111976965236411,771.4596264991329,0.7714596264991329,0.0031837140942241327,0.08831259481791673,ok,5
4,2,8000,r_CH3OH,5,220,260,-4.329186529929378,0.01317826325375203,6129.67922797766,6.12967922797766,0.3130834840017015,0.05873927187287337,ok,7
4,2,12000,r_CH3OH,5,220,260,-3.2728163878856753,0.03789953682723649,9273.781916116393,9.273781916116393,0.612699574298001,0.04770083561796566,ok,1
4,3,4000,r_CH3OH,5,220,260,-6.539742511412765,0.0014448604862126063,-1399.4296676017289,-1.3994296676017288,0.01820590456533,0.06648505985309092,ok,5
4,3,8000,r_CH3OH,5,220,260,-3.965570883810983,0.018957211157734202,7287.426345640466,7.287426345640466,0.4035939720616265,0.05731149868571243,ok,7
4,3,12000,r_CH3OH,5,220,260,-2.7736540183021834,0.06243345444775056,10935.767471216272,10.935767471216272,0.6575444916337005,0.051057281061432674,ok,1
4,4,4000,r_CH3OH,5,220,260,-6.763058033771604,0.001155689626727524,-2209.7002799015395,-2.2097002799015395,0.037282150346580445,0.07264426205530129,ok,5
4,4,8000,r_CH3OH,5,220,260,-3.8457913475332726,0.021369484179682992,7778.4877372476985,7.778487737247699,0.393832412272462,0.06243163509253734,ok,7
4,4,12000,r_CH3OH,5,220,260,-2.503598693520984,0.0817901307589447,12136.013163340864,12.136013163340865,0.6649909189333756,0.05572696378759532,ok,1
5,2,4000,r_CH3OH,5,220,260,-5.010144838451781,0.0066699371729167295,4695.956066157654,4.695956066157654,0.15483900996195166,0.07097778860162823,ok,6
5,2,8000,r_CH3OH,5,220,260,-2.527790715204065,0.07983520429694124,12978.046862497984,12.978046862497983,0.6986739852837422,0.05513904956472149,ok,1
5,2,12000,r_CH3OH,5,220,260,-1.7468493079038856,0.17432231506200224,14943.694073610686,14.943694073610686,0.8320421655502975,0.04343645201905053,ok,3
5,3,4000,r_CH3OH,5,220,260,-5.147058215108647,0.0058164904469813015,3751.541448868015,3.7515414488680148,0.1051841466243354,0.07078974543109877,ok,6
5,3,8000,r_CH3OH,5,220,260,-2.1617870446486833,0.1151192139350435,14193.147336983042,14.193147336983042,0.7068258299818327,0.05913631625998914,ok,1
5,3,12000,r_CH3OH,5,220,260,-1.1427521975219184,0.3189400268357379,17172.59823487957,17.17259823487957,0.8474244922972318,0.04714078668942347,ok,3
5,4,4000,r_CH3OH,5,220,260,-4.546308339435334,0.010606287011066121,6414.31770399186,6.41431770399186,0.19440123706066226,0.08447520620430453,ok,7
5,4,8000,r_CH3OH,5,220,260,-1.8654939533508939,0.15481971727643906,15517.36325012418,15.517363250124179,0.7029819464375375,0.06525385523072366,ok,3
5,4,12000,r_CH3OH,5,220,260,-1.1948332374761788,0.30275443806680596,16966.47442427699,16.96647442427699,0.8264971105402337,0.05029133951838201,ok,3
6,2,4000,r_CH3OH,5,220,260,-3.3218490650670107,0.03608604458171914,11376.548556044414,11.376548556044414,0.45626878184546404,0.0803454323168728,ok,1
6,2,8000,r_CH3OH,5,220,260,-1.7471621820094783,0.17426778265492626,15792.591467490329,15.792591467490329,0.7393628993856296,0.0606612844824515,ok,3
6,2,12000,r_CH3OH,5,220,260,-1.3232773374100721,0.2662612425233731,16052.667031947489,16.05266703194749,0.8314062927185855,0.04676599023815749,ok,3
6,3,4000,r_CH3OH,5,220,260,-4.05070798689879,0.017410044191915653,8106.062220244506,8.106062220244505,0.3063788914792913,0.07890609913164853,ok,7
6,3,8000,r_CH3OH,5,220,260,-1.0975230358684216,0.33369661541699075,18278.566803785372,18.27856680378537,0.8099432853594484,0.057282947284886095,ok,3
6,3,12000,r_CH3OH,5,220,260,-0.6195981211817596,0.5381606695161383,18825.93791987381,18.82593791987381,0.7744497358285057,0.06572802529462281,ok,2
6,4,4000,r_CH3OH,5,220,260,-4.145327735615669,0.015838244343869098,7891.267271432859,7.891267271432859,0.30677423931515546,0.07674384703445779,ok,7
6,4,8000,r_CH3OH,5,220,260,-1.2862235204435266,0.27631230297603576,17662.16292001638,17.66216292001638,0.7174068963703376,0.0717151321264975,ok,3
6,4,12000,r_CH3OH,5,220,260,-0.7264336135462355,0.48363073215828284,18463.46396446587,18.46346396446587,0.7391450402507707,0.07096052325597339,ok,2
7,2,4000,r_CH3OH,5,220,260,-3.2885888456142807,0.03730645743948158,11251.258806949952,11.251258806949952,0.5133057612678609,0.07087777216897209,ok,1
7,2,8000,r_CH3OH,5,220,260,-1.3164764226322923,0.2680782341416213,17265.398713042054,17.265398713042053,0.7737390209366408,0.06040224821655805,ok,3
7,2,12000,r_CH3OH,5,220,260,-1.184747735258635,0.30582331820888564,16335.361371861574,16.335361371861573,0.6865987895553416,0.07139971444228141,ok,3
7,3,4000,r_CH3OH,5,220,260,-2.4999969547425276,0.08208524859423484,14339.825270488556,14.339825270488557,0.6384552428192182,0.06981175810431864,ok,1
7,3,8000,r_CH3OH,5,220,260,-0.7403113730451257,0.4769653782347404,19462.25311235932,19.46225311235932,0.8574766724591008,0.051332669106790005,ok,2
7,3,12000,r_CH3OH,5,220,260,-2.5734671898240924,0.07627064166082846,9938.323990876936,9.938323990876935,0.6680890701750866,0.045318513356901687,ok,1
7,4,4000,r_CH3OH,5,220,260,-3.9079162039550464,0.02008230491876452,8495.790176680763,8.495790176680762,0.3837711433213845,0.06964782300586357,ok,7
7,4,8000,r_CH3OH,5,220,260,-1.3604594728490094,0.25654287538349946,16992.104460123337,16.992104460123336,0.6164300632004068,0.08671544450733037,ok,3
7,4,12000,r_CH3OH,5,220,260,-0.3469257381327595,0.7068578188902035,19767.907681676024,19.767907681676025,0.7809143859352727,0.06773838428018703,ok,2
