fit,HC,p,GHSV,T,XCO2,fCO2,fH2,fCH3OH,fH2O,fCO,KfA,KfB,KfC,rCH3OH,rCO,rCO2,Tave_used,rCH3OH_pred,rCO_pred,rCO2_pred,rCH3OH_residual,rCO_residual,rCO2_residual,rCH3OH_relative_error_%,rCO_relative_error_%,rCO2_relative_error_%
GHSV_4000,3.0,3.0,4000.0,493.15,0.2,0.560793819229847,2.20724667931549,0.0850586695986187,0.0954908548535958,0.0648358285885327,0.00452933106085853,0.00678574513977512,0.678980987327082,0.00156666666666667,0.000814285714285714,0.00238095238095238,507.1499999999998,0.001461957320698118,0.0008242540901399574,0.0022862114108380756,-0.0001047093459685519,9.96837585424341e-06,-9.474097011430427e-05,-6.683575274588405,1.2241865084158576,-3.9791207448007815
GHSV_4000,2.0,3.0,4000.0,493.15,0.146,0.74905636618302,1.94208390077618,0.0745754885617567,0.0929904701200542,0.0740651957354812,0.00452933106085853,0.00678574513977512,0.678980987327082,0.00137888888888889,0.000938571428571429,0.00231746031746032,507.1499999999998,0.0014947471639387706,0.0009387885552628385,0.002433535719201609,0.00011585827504988059,2.1712669140948066e-07,0.00011607540174128888,8.40229230821051,0.023133741854891383,5.008733088836432
GHSV_4000,2.0,3.0,4000.0,503.15,0.165,0.751132661998893,1.90953516084263,0.0823230116660996,0.10582369725309,0.0877996348983503,0.00343810236616845,0.00823025552201525,0.424891307866832,0.00150333333333333,0.00111571428571429,0.00261904761904762,507.1499999999998,0.0014506140934715766,0.0010953447350113001,0.002545958828482877,-5.2719239861753406e-05,-2.0369550702989837e-05,-7.308879056474281e-05,-3.506823050670966,-1.8256959656969056,-2.7906629124719973
GHSV_4000,2.0,3.0,4000.0,513.15,0.173,0.755237232256792,1.89858943714798,0.081209342413354,0.112884116510321,0.0993577050416359,0.00263416709606216,0.00990326681963732,0.270512743020095,0.00147187301587302,0.00127415873015873,0.00274603174603175,507.1499999999998,0.0014158225450084038,0.0012643518974932175,0.0026801744425016213,-5.605047086461616e-05,-9.806832665512502e-06,-6.585730353012888e-05,-3.808105064781736,-0.7696711903618793,-2.3982717470509325
GHSV_4000,2.0,3.0,4000.0,523.15,0.175,0.758797141626292,1.90278156380801,0.0722486704313257,0.116329967596942,0.112912248495938,0.00203610206255958,0.0118274654229372,0.175057432510542,0.00130555555555556,0.00146944444444444,0.00277777777777778,507.1499999999998,0.0013869086931284267,0.0014455589204530027,0.0028324676135814296,8.135313757286666e-05,-2.3885523991437445e-05,5.468983580364951e-05,6.231304154517425,-1.6254798935571844,1.9688340889313805
GHSV_4000,2.0,3.0,4000.0,533.15,0.175,0.761154246830242,1.91210685984022,0.0599567921735032,0.118351868316126,0.127819887716798,0.00158706283630095,0.0140260966989877,0.115048010476012,0.00108333333333333,0.00169166666666667,0.00277777777777778,507.1499999999998,0.0013605570543624556,0.0016416098287958562,0.003002166883158312,0.00027722372102912556,-5.005683787081389e-05,0.00022438910538053174,25.58988194115013,-2.9590248987673173,8.078007793699136
GHSV_4000,2.0,4.0,4000.0,493.15,0.15,0.939680850752076,2.64336686428863,0.105341112753134,0.107063153385365,0.0916251834406177,0.00452933106085853,0.00678574513977512,0.678980987327082,0.00156428571428571,0.000816666666666667,0.00238095238095238,507.1499999999998,0.0017674511487278388,0.0008438469804962323,0.0026112981292240713,0.00020316543444212892,2.718031382956522e-05,0.00023034574827169143,12.987744667533391,3.328201693416148,9.674521427411044
GHSV_4000,2.0,4.0,4000.0,503.15,0.183,0.943077234519084,2.55817154752984,0.129799468027121,0.128233941519794,0.11382175379073,0.00343810236616845,0.00823025552201525,0.424891307866832,0.00189390476190476,0.00101085714285714,0.00290476190476191,507.1499999999998,0.0017056365675959836,0.0009927592768804625,0.0026983958444764464,-0.00018826819430877643,-1.8097865976677424e-05,-0.00020636606028546362,-9.940742433079325,-1.7903485279358724,-7.104405354089718
GHSV_4000,2.0,4.0,4000.0,513.15,0.194,0.953666149548263,2.52939593258282,0.135683868278811,0.138712810027301,0.125307360641759,0.00263416709606216,0.00990326681963732,0.270512743020095,0.00195539682539683,0.00112088888888889,0.00307936507936508,507.1499999999998,0.0016635996015400137,0.0011506679127819062,0.0028142675143219198,-0.00029179722385681644,2.9779023893016215e-05,-0.0002650975650431604,-14.922660202110066,2.656732900844029,-8.608838452432527
GHSV_4000,2.0,4.0,4000.0,523.15,0.195,0.964515318090775,2.53278572712501,0.127249503178423,0.144147941798817,0.13998573360145,0.00203610206255958,0.0118274654229372,0.175057432510542,0.00182,0.00127214285714286,0.0030952380952381,507.1499999999998,0.0016316842363276927,0.001318112012968677,0.0029497962492963698,-0.00018831576367230735,4.596915582581718e-05,-0.00014544184594173035,-10.34701998199491,3.6135215135398044,-4.698890407348204
GHSV_4000,2.0,4.0,4000.0,533.15,0.195,0.972010113502497,2.54383189741409,0.113247919454479,0.14837401080663,0.159787957188792,0.00158706283630095,0.0140260966989877,0.115048010476012,0.00161261904761905,0.00147952380952381,0.0030952380952381,507.1499999999998,0.0016021424772509622,0.0014988439903777287,0.003100986467628691,-1.0476570368087761e-05,1.9320180853918834e-05,5.748372390590884e-06,-0.6496618270481106,1.3058377789903297,0.18571664646524363
GHSV_4000,2.0,5.0,4000.0,493.15,0.172,1.09565208038083,3.31607998281118,0.153064798921119,0.122244959671217,0.117403181020848,0.00452933106085853,0.00678574513977512,0.678980987327082,0.00195206349206349,0.000778095238095238,0.00273015873015873,507.1499999999998,0.0019929823758935154,0.0007779092156313113,0.0027708915915248267,4.091888383002547e-05,-1.8602246392666194e-07,4.073286136609686e-05,2.096186112613114,-0.02390741580452816,1.4919594570140131
GHSV_4000,2.0,5.0,4000.0,503.15,0.2,1.1108292879653,3.21376186438236,0.181028849196974,0.140220550170871,0.137106395320809,0.00343810236616845,0.00823025552201525,0.424891307866832,0.00226666666666667,0.000907936507936508,0.00317460317460317,507.1499999999998,0.0019289612591619069,0.0009166024208302873,0.0028455636799921942,-0.000337705407504763,8.665912893779273e-06,-0.0003290394946109756,-14.898767978151287,0.9544624341050597,-10.364744080245746
GHSV_4000,2.0,6.0,4000.0,493.15,0.175,1.23473465176759,4.07551673792331,0.178516701087429,0.12262818799456,0.14048335987893,0.00452933106085853,0.00678574513977512,0.678980987327082,0.00204722222222222,0.000730555555555556,0.00277777777777778,507.1499999999998,0.0022123081022703424,0.0007191700552138575,0.0029314781574841997,0.00016508588004812263,-1.138550034169856e-05,0.00015370037970641962,8.063896447398129,-1.5584715296621594,5.533213669431102
GHSV_4000,2.0,7.0,4000.0,493.15,0.181,1.35152023365241,4.8541209747411,0.205630533702512,0.119576159105776,0.1639562734798,0.00452933106085853,0.00678574513977512,0.678980987327082,0.00218636507936508,0.000686650793650794,0.00287301587301587,507.1499999999998,0.0024107390409712076,0.0006712120122747424,0.00308195105324595,0.00022437396160612756,-1.5438781376051532e-05,0.00020893518023007993,10.262419745163772,-2.2484181943439427,7.2723294776215734
GHSV_8000,3.0,3.0,8000.0,493.15,0.166,0.574595062764135,2.24893194091177,0.0679131929995,0.0818620912435253,0.0563670945763405,0.00452933106085853,0.00678574513977512,0.678980987327082,0.00251766666666667,0.00143471428571429,0.00395238095238095,505.6499999999999,0.0024782552957158905,0.0014973721836472429,0.003975627479363133,-3.9411370950779255e-05,6.265789793295285e-05,2.3246526982182922e-05,-1.565392729410004,4.367273578917342,0.5881651405130621
GHSV_8000,3.0,3.0,8000.0,503.15,0.197,0.566700711895646,2.21364890041136,0.0757083489939579,0.0970930211215486,0.0751432336164786,0.00343810236616845,0.00823025552201525,0.424891307866832,0.00277207142857143,0.00191840476190476,0.00469047619047619,505.6499999999999,0.0025342193485298997,0.001793722127131527,0.004327941475661427,-0.00023785208004153046,-0.00012468263477323298,-0.00036253471481476323,-8.580301271822064,-6.499287181159681,-7.7291665087411445
GHSV_8000,3.0,4.0,8000.0,493.15,0.188,0.721880606938181,3.04030831631262,0.10120619417731,0.102527536201084,0.0821827470516529,0.00452933106085853,0.00678574513977512,0.678980987327082,0.003008,0.00146819047619048,0.00447619047619048,505.6499999999999,0.003005067777847097,0.0014489994020534327,0.004454067179900529,-2.932222152903039e-06,-1.9191074137047195e-05,-2.2123296289950668e-05,-0.09748078965768082,-1.307124276329755,-0.4942438532861315
GHSV_8000,4.0,3.0,8000.0,493.15,0.198,0.455183143502437,2.41865697786215,0.0664027214220217,0.078883705807796,0.0516021742422355,0.00452933106085853,0.00678574513977512,0.678980987327082,0.00246281357142857,0.00131450785714286,0.00377732142857143,505.6499999999999,0.0025115498749626783,0.0013527766808187993,0.0038643265557814777,4.873630353410818e-05,3.826882367593924e-05,8.700512721004786e-05,1.9788872409793645,2.9112662558836426,2.3033551381660655
GHSV_8000,2.0,3.0,8000.0,493.15,0.12,0.760434034903676,1.9849181972499,0.0607727398573452,0.0791297038851,0.0605525866431236,0.00452933106085853,0.00678574513977512,0.678980987327082,0.00225904761904762,0.00155047619047619,0.00380952380952381,505.6499999999999,0.0023889979173423847,0.001714506995624022,0.0041035049129664065,0.00012995029829476453,0.000164030805147832,0.0002939811034425965,5.752437319119,10.579382395898259,7.717003965368158
GHSV_8000,2.0,3.0,8000.0,503.15,0.148,0.756729911028551,1.94277575301882,0.0684587092128317,0.0967940005002002,0.0850373942873899,0.00343810236616845,0.00823025552201525,0.424891307866832,0.00251365079365079,0.00218476190476191,0.0046984126984127,505.6499999999999,0.00243785321456218,0.002063948125819604,0.004501801340381784,-7.579757908861024e-05,-0.00012081377894230562,-0.00019661135803091586,-3.0154379152452964,-5.529837309913714,-4.184633633766113
GHSV_8000,2.0,3.0,8000.0,513.15,0.164,0.756883196414757,1.91933790763023,0.0708034080216116,0.107893472831165,0.101664138622013,0.00263416709606216,0.00990326681963732,0.270512743020095,0.00257714285714286,0.00262920634920635,0.00520634920634921,505.6499999999999,0.0024988277936998497,0.0024632100089355853,0.0049620378026354345,-7.83150634430102e-05,-0.00016599634027076454,-0.0002443114037137756,-3.038832838697732,-6.313553149636659,-4.692566595721906
GHSV_8000,2.0,3.0,8000.0,523.15,0.172,0.758436609826151,1.91120785591395,0.0669313227111449,0.114585076115872,0.116131721659368,0.00203610206255958,0.0118274654229372,0.175057432510542,0.00242438095238095,0.00303593650793651,0.00546031746031746,505.6499999999999,0.0025699756493547396,0.0029139680068528974,0.005483943656207637,0.00014559469697378964,-0.00012196850108361261,2.3626195890177025e-05,6.005438082278412,-4.017491827143419,0.43268905263986995
GHSV_8000,2.0,3.0,8000.0,533.15,0.175,0.76053021978974,1.91337127019294,0.0586951603458125,0.118265458494626,0.129362171651756,0.00158706283630095,0.0140260966989877,0.115048010476012,0.00212222222222222,0.00342777777777778,0.00555555555555556,505.6499999999999,0.0026482222416930727,0.0034200833726445185,0.006068305614337591,0.0005260000194708529,-7.694405133261504e-06,0.0005127500587820306,24.785341231610897,-0.22447211085689947,9.229501058076545
GHSV_8000,2.0,4.0,8000.0,493.15,0.137,0.944666463654611,2.67700471414499,0.0932235164213568,0.100159551962678,0.0876430175479462,0.00452933106085853,0.00678574513977512,0.678980987327082,0.00277479365079365,0.0015744126984127,0.00434920634920635,505.6499999999999,0.002889282301745772,0.0016544611496669408,0.004543743451412713,0.0001144886509521219,8.004845125424089e-05,0.000194537102206363,4.126023962876508,5.0843372474666,4.472933371898127
GHSV_8000,2.0,4.0,8000.0,503.15,0.164,0.948625761001194,2.61500176971829,0.106397714376899,0.118793104873608,0.11575941754349,0.00343810236616845,0.00823025552201525,0.424891307866832,0.00311860317460317,0.00208774603174603,0.00520634920634921,505.6499999999999,0.0029482331236698957,0.0019989417239091338,0.00494717484757903,-0.0001703700509332745,-8.880430783689622e-05,-0.00025917435877018027,-5.463024354002764,-4.253597252086602,-4.978044086134557
GHSV_8000,2.0,4.0,8000.0,513.15,0.183,0.954714278385077,2.56821078515676,0.116859984502059,0.133138229729405,0.134041031549887,0.00263416709606216,0.00990326681963732,0.270512743020095,0.00338114285714286,0.00242838095238095,0.00580952380952381,505.6499999999999,0.003014264734276126,0.002395463796222015,0.005409728530498141,-0.0003668781228667339,-3.2917156158935104e-05,-0.0003997952790256694,-10.850713453046879,-1.3555186276132203,-6.881722016015621
GHSV_8000,2.0,4.0,8000.0,523.15,0.191,0.963104201377504,2.55097821309774,0.116517560082145,0.141879662054577,0.148702870448882,0.00203610206255958,0.0118274654229372,0.175057432510542,0.00334098412698413,0.00272250793650794,0.00606349206349207,505.6499999999999,0.0030982223047338418,0.002842511102929564,0.005940733407663406,-0.00024276182225028845,0.00012000316642162391,-0.00012275865582866453,-7.266177061111239,4.407816954816577,-2.0245537479596485
GHSV_8000,2.0,4.0,8000.0,533.15,0.193,0.971232201701381,2.55328138411777,0.107641482822047,0.147122916463524,0.164154953020719,0.00158706283630095,0.0140260966989877,0.115048010476012,0.00306961904761905,0.0030512380952381,0.00612698412698413,505.6499999999999,0.003194225219299417,0.0033426169513136113,0.006536842170613028,0.00012460617168036673,0.0002913788560755114,0.00040985804362889816,4.059336671663459,9.549528649706177,6.689392940057143
GHSV_8000,2.0,5.0,8000.0,493.15,0.15,1.1026688067517,3.39747200099726,0.124187114378669,0.112606637592022,0.118007961749137,0.00452933106085853,0.00678574513977512,0.678980987327082,0.00317142857142857,0.00159047619047619,0.00476190476190476,505.6499999999999,0.0033548511951199153,0.0015986418844639704,0.004953493079583886,0.00018342262369134546,8.165693987780519e-06,0.0001915883176791264,5.783596242519905,0.5134118974353022,4.023354671261656
GHSV_8000,2.0,5.0,8000.0,503.15,0.18,1.11481833087248,3.30017826925415,0.146934309344771,0.132456849052913,0.15010896368012,0.00343810236616845,0.00823025552201525,0.424891307866832,0.00368571428571429,0.00202857142857143,0.00571428571428571,505.6499999999999,0.0034153562665785397,0.0019396251075391785,0.005354981374117718,-0.00027035801913575033,-8.894632103225147e-05,-0.00035930434016799226,-7.335295092830426,-4.384677797364506,-6.28782595293987
GHSV_8000,2.0,5.0,8000.0,513.15,0.2,1.12947613601849,3.22826151220352,0.165024623816984,0.147623802931797,0.16756008257108,0.00263416709606216,0.00990326681963732,0.270512743020095,0.00407619047619048,0.00227301587301587,0.00634920634920635,505.6499999999999,0.0034868651341415243,0.0023327127442105966,0.005819577878352121,-0.0005893253420489555,5.9696871194726744e-05,-0.0005296284708542287,-14.457747877369224,2.6263288304942667,-8.341648415954102
GHSV_8000,2.0,6.0,8000.0,493.15,0.157,1.23939767385627,4.1622804007104,0.149571134430532,0.116418155371333,0.147665075931871,0.00452933106085853,0.00678574513977512,0.678980987327082,0.00342409523809524,0.00156003174603175,0.00498412698412698,505.6499999999999,0.0038036725108504996,0.0015450984531531543,0.005348770964003654,0.00037957727275525965,-1.4933292878595685e-05,0.00036464397987667416,11.085476494117943,-0.9572428841003702,7.3161053287358255
GHSV_8000,2.0,6.0,8000.0,503.15,0.194,1.26000709499828,4.00308027367011,0.188023929071663,0.137067788802405,0.18328911897966,0.00343810236616845,0.00823025552201525,0.424891307866832,0.00422488888888889,0.00193384126984127,0.00615873015873016,505.6499999999999,0.0038535252973816623,0.001884676480493669,0.005738201777875331,-0.00037136359150722774,-4.916478934760093e-05,-0.0004205283808548293,-8.789901966034739,-2.5423384077244555,-6.82816700872532
GHSV_8000,2.0,7.0,8000.0,493.15,0.163,1.35563476886424,4.9607442048425,0.173677312821923,0.115440762572977,0.17620505153837,0.00452933106085853,0.00678574513977512,0.678980987327082,0.00367396825396825,0.00150063492063492,0.00517460317460317,505.6499999999999,0.004234156520223098,0.001494718997105948,0.005728875517329046,0.0005601882662548481,-5.91592352897183e-06,0.0005542723427258761,15.24749882228267,-0.39422803292281094,10.711398034273074
GHSV_12000,3.0,3.0,12000.0,493.15,0.145,0.584213395043117,2.27159504463209,0.060739956206038,0.0730441124122807,0.0466889415700323,0.00452933106085853,0.00678574513977512,0.678980987327082,0.00338678571428571,0.00179178571428571,0.00517857142857143,504.0195652173912,0.0033747809961847384,0.001885768927596304,0.005260549923781043,-1.2004718100971402e-05,9.398321331059397e-05,8.197849520961281e-05,-0.35445756282526597,5.245226176393538,1.583033010944247
GHSV_12000,3.0,3.0,12000.0,503.15,0.182,0.573332563848061,2.23122018467632,0.0690561634038838,0.090973330051437,0.0700902025199252,0.00343810236616845,0.00823025552201525,0.424891307866832,0.0038025,0.0026975,0.0065,504.0195652173912,0.0034708015921666776,0.00238586851588975,0.005856670108056428,-0.0003316984078333223,-0.00031163148411024987,-0.0006433298919435717,-8.723166543940101,-11.552603674151989,-9.897382952978028
GHSV_12000,3.0,4.0,12000.0,493.15,0.166,0.73425961533496,3.07312932112907,0.0917299634472368,0.0935306576731851,0.0679954689822675,0.00452933106085853,0.00678574513977512,0.678980987327082,0.00409664285714286,0.00183192857142857,0.00592857142857143,504.0195652173912,0.0040532174152093725,0.0018911664312499395,0.005944383846459312,-4.342544193348778e-05,5.923785982136945e-05,1.581241788788188e-05,-1.0600250851199213,3.2336337095924392,0.26671548244620036
GHSV_12000,3.0,5.0,12000.0,493.15,0.181,0.868715705538209,3.91123407840525,0.119956870517219,0.105954714871159,0.0923137571136606,0.00452933106085853,0.00678574513977512,0.678980987327082,0.00459610714285714,0.00186817857142857,0.00646428571428571,504.0195652173912,0.004678816196771411,0.0018852742650905363,0.006564090461861948,8.270905391427174e-05,1.7095693661966366e-05,9.98047475762381e-05,1.7995458187438207,0.9150995479459723,1.5439408464832425
GHSV_12000,3.0,6.0,12000.0,493.15,0.194,0.988226028194431,4.78512543407817,0.145907941000678,0.112138198926913,0.121042614370688,0.00452933106085853,0.00678574513977512,0.678980987327082,0.00500935714285714,0.00191921428571429,0.00692857142857143,504.0195652173912,0.005264063877312283,0.0018720339362485866,0.00713609781356087,0.0002547067344551429,-4.71803494657033e-05,0.00020752638498944005,5.084619187480576,-2.458315875245989,2.9952261751053197
GHSV_12000,4.0,3.0,12000.0,493.15,0.176,0.464620515436636,2.43639272471853,0.0608890506495385,0.0713993512808168,0.042802327066142,0.00452933106085853,0.00678574513977512,0.678980987327082,0.00339455285714286,0.00164187571428571,0.00503642857142857,504.0195652173912,0.0033421389304816064,0.0016958255182612974,0.005037964448742904,-5.241392666125366e-05,5.394980397558746e-05,1.535877314333585e-06,-1.5440598178037979,3.285864058173128,0.030495365764671954
GHSV_12000,4.0,4.0,12000.0,493.15,0.198,0.587056912008653,3.30382541970549,0.088768995364554,0.0903667823355349,0.0629940359269672,0.00452933106085853,0.00678574513977512,0.678980987327082,0.0039661875,0.00169979464285714,0.00566598214285714,504.0195652173912,0.0040223552675214165,0.001702991567386286,0.005725346834907703,5.616776752141641e-05,3.1969245291459635e-06,5.936469205056281e-05,1.4161652095725783,0.18807710346541257,1.0477387777404368
GHSV_12000,2.0,3.0,12000.0,493.15,0.108,0.767032028399514,2.00138664231351,0.0574825615102647,0.0724734195696207,0.0502452038852149,0.00452933106085853,0.00678574513977512,0.678980987327082,0.00320914285714286,0.00193371428571429,0.00514285714285714,504.0195652173912,0.0033456290399174497,0.0021652926254832248,0.005510921665400674,0.00013648618277458963,0.00023157833976893485,0.00036806452254353403,4.253041664094225,11.975830218547138,7.156810160568722
GHSV_12000,2.0,3.0,12000.0,503.15,0.136,0.763365487092877,1.96011402712442,0.0644535376754754,0.0904543940411071,0.0755909384491479,0.00343810236616845,0.00823025552201525,0.424891307866832,0.00355542857142857,0.0029207619047619,0.00647619047619048,504.0195652173912,0.003445081212351284,0.0027563135459257237,0.006201394758277008,-0.00011034735907728592,-0.00016444835883617625,-0.00027479571791347215,-3.103630317988596,-5.63032401128164,-4.2431691736639054
GHSV_12000,2.0,3.0,12000.0,513.15,0.157,0.760484531240439,1.93041049540889,0.0675565394251555,0.104224830928745,0.0972928622360129,0.00263416709606216,0.00990326681963732,0.270512743020095,0.0036932380952381,0.00378295238095238,0.00747619047619048,504.0195652173912,0.0035518476881870277,0.0034723131693488157,0.007024160857535843,-0.00014139040705107245,-0.00031063921160356424,-0.0004520296186546367,-3.828358838640137,-8.211554900021213,-6.046256045698959
GHSV_12000,2.0,3.0,12000.0,523.15,0.169,0.759827924442125,1.91636076287485,0.0651227001065533,0.112978211645812,0.114773540728458,0.00203610206255958,0.0118274654229372,0.175057432510542,0.00354095238095238,0.00450666666666667,0.00804761904761905,504.0195652173912,0.0036721444880699044,0.00433154686718158,0.008003691355251485,0.0001311921071175245,-0.00017511979948508973,-4.392769236756522e-05,3.7049949562506934,-3.8857943672726982,-0.5458470649224079
GHSV_12000,2.0,3.0,12000.0,533.15,0.174,0.761016977433744,1.91466672874203,0.0581909989561318,0.117808120722698,0.128984481930335,0.00158706283630095,0.0140260966989877,0.115048010476012,0.00315685714285714,0.00512885714285714,0.00828571428571429,504.0195652173912,0.003804340723756758,0.005354506335303695,0.009158847059060452,0.0006474835808996178,0.00022564919244655486,0.0008731327733461618,20.510385855268932,4.399599875009428,10.537809333488154
GHSV_12000,2.0,4.0,12000.0,493.15,0.121,0.952997856585947,2.71189037429457,0.0836044683003452,0.0912560628737352,0.0746417874784487,0.00452933106085853,0.00678574513977512,0.678980987327082,0.00373947619047619,0.00202242857142857,0.00576190476190476,504.0195652173912,0.0040126330873136145,0.00216108821398777,0.006173721301301385,0.0002731568968374243,0.00013865964255920004,0.0004118165393966252,7.304683408149741,6.8560959095458145,7.1472291961397785
GHSV_12000,2.0,4.0,12000.0,503.15,0.151,0.954960370052755,2.64631962322273,0.0963000319344892,0.112052517179943,0.108313406500685,0.00343810236616845,0.00823025552201525,0.424891307866832,0.00424238095238095,0.00294809523809524,0.00719047619047619,504.0195652173912,0.00413013907601373,0.002760889464203939,0.006891028540217669,-0.00011224187636722002,-0.00018720577389130105,-0.00029944765025852107,-2.645728368741297,-6.350058555511742,-4.164503745317181
GHSV_12000,2.0,4.0,12000.0,513.15,0.173,0.958023800720462,2.59734096944018,0.104898649727723,0.12797888612989,0.13417677501934,0.00263416709606216,0.00990326681963732,0.270512743020095,0.00456390476190476,0.00367419047619048,0.00823809523809524,504.0195652173912,0.00425686495602341,0.003490589075488761,0.0077474540315121704,-0.00030703980588135064,-0.00018360140070171902,-0.0004906412065830701,-6.72756820966629,-4.997057226387536,-5.955760311123971
GHSV_12000,2.0,4.0,12000.0,523.15,0.186,0.963453908363777,2.56902877457006,0.107486342295639,0.139119393738813,0.152934105142833,0.00203610206255958,0.0118274654229372,0.175057432510542,0.00463228571428571,0.00422485714285714,0.00885714285714286,504.0195652173912,0.0043988447219313245,0.004369529055641954,0.00876837377757328,-0.00023344099235438585,0.0001446719127848146,-8.876907956958079e-05,-5.039434239439655,3.424303068552455,-1.0022315435275246
GHSV_12000,2.0,4.0,12000.0,533.15,0.192,0.969923964964802,2.5601721407724,0.102906828888807,0.146384164214304,0.168994517172874,0.00158706283630095,0.0140260966989877,0.115048010476012,0.00440685714285714,0.00472685714285714,0.00914285714285715,504.0195652173912,0.00455606815770285,0.00541581727527795,0.0099718854329808,0.00014921101484570952,0.0006889601324208093,0.0008290282901236498,3.3858827279563255,14.575438004550495,9.067496923227413
GHSV_12000,2.0,5.0,12000.0,493.15,0.135,1.11088216159185,3.44049122584055,0.113211914038029,0.105341189550909,0.102786058996187,0.00452933106085853,0.00678574513977512,0.678980987327082,0.00433928571428572,0.00208928571428571,0.00642857142857143,504.0195652173912,0.004612394815463313,0.0021441588030694314,0.006756553618532744,0.0002731091011775929,5.487308878372125e-05,0.00032798218996131414,6.29387229051242,2.6264042494772615,5.101945177175996
GHSV_12000,2.0,5.0,12000.0,503.15,0.167,1.12086099156922,3.34388195433218,0.133036353974772,0.126924945059991,0.144064488553691,0.00343810236616845,0.00823025552201525,0.424891307866832,0.00501,0.00294238095238095,0.00795238095238095,504.0195652173912,0.004744646172883083,0.0027494650596073737,0.007494111232490457,-0.0002653538271169169,-0.0001929158927735761,-0.00045826971989049343,-5.296483575187963,-6.556455329737985,-5.762673124371476
GHSV_12000,2.0,5.0,12000.0,513.15,0.19,1.13236508921637,3.26903250640515,0.149275923395156,0.143557594215306,0.170980646483672,0.00263416709606216,0.00990326681963732,0.270512743020095,0.00553714285714286,0.00351047619047619,0.00904761904761905,504.0195652173912,0.004887547367688635,0.00348920893974461,0.008376756307433245,-0.0006495954894542256,-2.126725073158019e-05,-0.0006708627401858062,-11.731600686737814,-0.6058223892609659,-7.414798707316803
GHSV_12000,2.0,6.0,12000.0,493.15,0.149,1.24488110506353,4.18702269207353,0.145699419066094,0.113460816545592,0.131921251461408,0.00452933106085853,0.00678574513977512,0.678980987327082,0.00500214285714286,0.00209309523809524,0.0070952380952381,504.0195652173912,0.00516221371497216,0.0021201306744441564,0.0072823443894163165,0.00016007085782929979,2.703543634891654e-05,0.00018710629417821676,3.20004570842524,1.2916486482248821,2.6370685756661407
GHSV_12000,2.0,6.0,12000.0,503.15,0.187,1.26266713236729,4.03556338449419,0.177895596484611,0.135093368881744,0.183024141461875,0.00343810236616845,0.00823025552201525,0.424891307866832,0.00599290476190476,0.00291185714285714,0.00890476190476191,504.0195652173912,0.005294702017885648,0.002730377479339,0.008025079497224648,-0.0006982027440191121,-0.00018147966351814019,-0.0008796824075372623,-11.650489566552,-6.232437053559252,-9.878786394803475
GHSV_12000,2.0,7.0,12000.0,493.15,0.151,1.36206037086208,5.01246810829305,0.162960018408718,0.112039448571345,0.158034948970162,0.00452933106085853,0.00678574513977512,0.678980987327082,0.00516276190476191,0.00202771428571429,0.00719047619047619,504.0195652173912,0.005708147568272447,0.0020869399024713874,0.007795087470743834,0.0005453856635105371,5.922561675709764e-05,0.0006046112802676439,10.563835279862447,2.920806800758649,8.408501248755313
